ID:67,LEVEL:ERROR,MSG:User_Action_5 performed with raw_hex: 0x297
ID:481,LEVEL:INFO,MSG:User_Action_24 performed with raw_hex: 0x3ba
ID:275,LEVEL:INFO,MSG:User_Action_11 performed with raw_hex: 0x23e
ID:143,LEVEL:INFO,MSG:User_Action_19 performed with raw_hex: 0x253
ID:829,LEVEL:INFO,MSG:User_Action_20 performed with raw_hex: 0x2f3
ID:843,LEVEL:INFO,MSG:User_Action_12 performed with raw_hex: 0x3cf
ID:938,LEVEL:INFO,MSG:User_Action_20 performed with raw_hex: 0x1d7
ID:517,LEVEL:INFO,MSG:User_Action_0 performed with raw_hex: 0x3af
ID:219,LEVEL:ERROR,MSG:User_Action_28 performed with raw_hex: 0x271
ID:218,LEVEL:INFO,MSG:User_Action_9 performed with raw_hex: 0x299
